INSERT INTO `user` (`user_id`, `first_name`, `middle_name`, `last_name`, `username`, `password_hash`, `about`, `college_role`) VALUES (NULL, 'first', 'middle', 'last', 'admin123', 'f865b53623b121fd34ee5426c792e5c33af8c227', 'about', 'prof'), (NULL, 'first', 'middle', 'last', 'user1234', 'f865b53623b121fd34ee5426c792e5c33af8c227', 'about', 'student');
INSERT INTO `admin` (`user_id`) VALUES ('1');
INSERT INTO `phone_number` (`user_id`, `phone_number`) VALUES ('1', '01223456789'), ('2', '01223456789'), ('1', '012234567890'), ('1', '012234567800'), ('2', '01223456000');
INSERT INTO `position` (`user_id`, `position`, `company`) VALUES (1, 'position', 'company'),(1, 'position2', 'company2'),(2, 'position', 'company'),(2, 'position3', 'company');
INSERT INTO `emails` (`user_id`, `email`) VALUES(1, 'ah@m.com'),(1, 'ahh@m.com'),(1, 'ah2@m.com'),(2, 'x@j.com');
INSERT INTO `skill` (`skill_id`, `skill`) VALUES(1, 'skill1'),(2, 'skill2'),(3, 'skill3'),(4, 'skill4');
INSERT INTO `tag` (`tag_id`, `tag`) VALUES(1, 'tag1'),(2, 'tag2'),(3, 'tag3'),(4, 'tag4');
INSERT INTO `post` (`post_id`, `user_id`, `post`, `time`) VALUES(1, 1, 'post', '2017-05-17 00:00:00'),(2, 1, 'post2', '2017-05-11 00:00:00'),(3, 2, 'post user 2', '2017-05-11 00:00:00');
INSERT INTO `comment` (`post_id`, `time`, `user_id`, `comment`) VALUES(1, '2017-05-02 00:00:03', 1, 'comment'),(2, '2017-05-17 00:00:00', 1, 'comment'),(2, '2017-05-31 00:00:02', 1, 'comment'),(3, '2017-05-15 00:00:00', 2, 'comment'),(3, '2017-05-15 00:00:01', 2, 'comment');
INSERT INTO `notification_header` (`header_id`, `user_id`) VALUES(1, 1),(2, 2);
INSERT INTO `notification` (`header_id`, `notification_id`, `read`, `payload`, `time`, `redirection_url`) VALUES(1, 1, b'1', 'payload', '2017-05-23 00:00:00', 'url'),(1, 2, b'0', 'payload', '2017-05-17 00:00:00', 'url'),(2, 3, b'0', 'payload', '2017-05-18 00:00:00', 'url'),(2, 4, b'1', 'payload', '2017-05-18 00:00:00', 'url'),(2, 5, b'0', 'payload', '2017-05-18 00:00:00', 'url');
INSERT INTO `course` (`course_id`, `name`, `about`, `department`, `grading`) VALUES(1, 'course1', 'about', 'dep', 'grad'),(2, 'course2', 'about', 'dep', 'grad'),(3, 'course3', 'about', 'dep', 'grad'),(4, 'course4', 'about', 'dep', 'grad');
INSERT INTO `prof_course` (`user_id`, `course_id`) VALUES(1, 1),(1, 2),(1, 3),(1, 4);
INSERT INTO `student_course` (`user_id`, `course_id`) VALUES(2, 2),(2, 3),(2, 4);
INSERT INTO `user_skill` (`user_id`, `skill_id`) VALUES(1, 1),(1, 2),(2, 1);
INSERT INTO `post_tag` (`post_id`, `tag_id`) VALUES(1, 1),(1, 2),(3, 1);
INSERT INTO `project` (`project_id`, `supervisor`, `idea`, `name`, `abstract`, `date_started`, `date_ended`) VALUES(1, 1, 'idea', 'project', 'abstract', '2017-05-09 00:00:00', '2017-05-25 00:00:00'),(2, 1, 'idea', 'name', 'abstract', '2017-05-24 00:00:00', '2017-05-31 00:00:00');
INSERT INTO `project_file` (`project_id`, `user_id`, `upload_time`, `url`, `descreption`) VALUES(1, 1, '2017-05-06 12:49:51', '../../uploads/project_files/1/ER.pdf', 'test with ER');
INSERT INTO `project_tag` (`project_id`, `tag_id`) VALUES(1, 1),(1, 2);
INSERT INTO `user_project` (`user_id`, `project_id`) VALUES(1, 1),(2, 2);
INSERT INTO `lab` (`lab_id`, `user_id`, `name`, `location`, `about`) VALUES ('1', '1', 'lab1', 'location', 'about'), ('2', '1', 'lab2', 'location2', 'about');
INSERT INTO `safe` (`safe_id`, `lab_id`, `name`) VALUES ('1', '1', 'safe11'), ('2', '1', 'safe12'), ('3', '2', 'safe21'), ('4', '2', 'safe22'), ('5', '2', 'safe23');
INSERT INTO `component` (`component_id`, `safe_id`, `name`, `functional`, `count`, `state`, `Datasheet_url`) VALUES ('1', '1', 'component1', '1', '5', '1', 'url'),('2', '2', 'component2', '1', '1', '1', 'url'),('3', '1', 'component3', '1', '10', '1', 'url'),('4', '3', 'component1', '1', '0', '1', 'url'),('5', '5', 'component1', '1', '4', '1', 'url');
INSERT INTO `borrow` (`user_id`, `component`) VALUES ('1', '3'), ('1', '4'), ('2', '1'), ('2', '2'), ('2', '5');
